season_key,grade_key,name,tier,division,team_count,age_band,playhq_id
amnd-winter-2000,amnd-winter-2000-amnd-league,AMND League,3,,10,Senior,archive:amnd-winter-2000:amnd-league
amnd-winter-2000,amnd-winter-2000-a-grade,A. Grade,4,,10,Senior,archive:amnd-winter-2000:a-grade
amnd-winter-2000,amnd-winter-2000-b-1,B. 1,5,1,10,Senior,archive:amnd-winter-2000:b-1
amnd-winter-2000,amnd-winter-2000-b-2,B. 2,5,2,10,Senior,archive:amnd-winter-2000:b-2
amnd-winter-2000,amnd-winter-2000-b-3,B. 3,5,3,10,Senior,archive:amnd-winter-2000:b-3
amnd-winter-2000,amnd-winter-2000-b-4,B. 4,5,4,10,Senior,archive:amnd-winter-2000:b-4
amnd-winter-2000,amnd-winter-2000-c-1,C. 1,7,1,9,Senior,archive:amnd-winter-2000:c-1
amnd-winter-2000,amnd-winter-2000-c-2,C. 2,7,2,8,Senior,archive:amnd-winter-2000:c-2
amnd-winter-2000,amnd-winter-2000-c-3,C. 3,7,3,8,Senior,archive:amnd-winter-2000:c-3
amnd-winter-2000,amnd-winter-2000-h-grade,H Grade,6,6,9,Intermediate,archive:amnd-winter-2000:h-grade
amnd-winter-2000,amnd-winter-2000-inter-1,Inter. 1,6,1,10,Intermediate,archive:amnd-winter-2000:inter-1
amnd-winter-2000,amnd-winter-2000-inter-2,Inter. 2,6,2,10,Intermediate,archive:amnd-winter-2000:inter-2
amnd-winter-2000,amnd-winter-2000-inter-3,Inter. 3,6,3,9,Intermediate,archive:amnd-winter-2000:inter-3
amnd-winter-2000,amnd-winter-2000-inter-4,Inter. 4,6,4,9,Intermediate,archive:amnd-winter-2000:inter-4
amnd-winter-2000,amnd-winter-2000-junior-1,Junior 1,8,1,10,Junior,archive:amnd-winter-2000:junior-1
amnd-winter-2000,amnd-winter-2000-junior-2,Junior 2,8,2,10,Junior,archive:amnd-winter-2000:junior-2
amnd-winter-2000,amnd-winter-2000-junior-3,Junior 3,8,3,8,Junior,archive:amnd-winter-2000:junior-3
amnd-winter-2000,amnd-winter-2000-junior-4,Junior 4,8,4,8,Junior,archive:amnd-winter-2000:junior-4
amnd-winter-2000,amnd-winter-2000-junior-5,Junior 5,8,5,8,Junior,archive:amnd-winter-2000:junior-5
amnd-winter-2000,amnd-winter-2000-junior-6,Junior 6,8,6,8,Junior,archive:amnd-winter-2000:junior-6
amnd-winter-2000,amnd-winter-2000-junior-7,Junior 7,8,7,6,Junior,archive:amnd-winter-2000:junior-7
amnd-winter-2000,amnd-winter-2000-primary-1,Primary 1,10,1,8,Junior,archive:amnd-winter-2000:primary-1
amnd-winter-2000,amnd-winter-2000-primary-2,Primary 2,10,2,8,Junior,archive:amnd-winter-2000:primary-2
amnd-winter-2000,amnd-winter-2000-primary-3,Primary 3,10,3,8,Junior,archive:amnd-winter-2000:primary-3
amnd-winter-2000,amnd-winter-2000-primary-4,Primary 4,10,4,8,Junior,archive:amnd-winter-2000:primary-4
amnd-winter-2000,amnd-winter-2000-sub-junior-1,Sub-Junior 1,9,1,8,Junior,archive:amnd-winter-2000:sub-junior-1
amnd-winter-2000,amnd-winter-2000-sub-junior-2,Sub-Junior 2,9,2,8,Junior,archive:amnd-winter-2000:sub-junior-2
amnd-winter-2000,amnd-winter-2000-sub-junior-3,Sub-Junior 3,9,3,8,Junior,archive:amnd-winter-2000:sub-junior-3
amnd-winter-2000,amnd-winter-2000-sub-junior-4,Sub-Junior 4,9,4,8,Junior,archive:amnd-winter-2000:sub-junior-4
amnd-winter-2000,amnd-winter-2000-sub-junior-5,Sub-Junior 5,9,5,8,Junior,archive:amnd-winter-2000:sub-junior-5
amnd-winter-2000,amnd-winter-2000-sub-junior-6,Sub-Junior 6,9,6,8,Junior,archive:amnd-winter-2000:sub-junior-6
amnd-winter-2000,amnd-winter-2000-sub-junior-7,Sub-Junior 7,9,7,6,Junior,archive:amnd-winter-2000:sub-junior-7
amnd-winter-2001,amnd-winter-2001-amnd-league,AMND League,3,,10,Senior,archive:amnd-winter-2001:amnd-league
amnd-winter-2001,amnd-winter-2001-a-grade,A. Grade,4,,10,Senior,archive:amnd-winter-2001:a-grade
amnd-winter-2001,amnd-winter-2001-b-1,B. 1,5,1,10,Senior,archive:amnd-winter-2001:b-1
amnd-winter-2001,amnd-winter-2001-b-2,B. 2,5,2,10,Senior,archive:amnd-winter-2001:b-2
amnd-winter-2001,amnd-winter-2001-b-3,B. 3,5,3,9,Senior,archive:amnd-winter-2001:b-3
amnd-winter-2001,amnd-winter-2001-b-4,B. 4,5,4,9,Senior,archive:amnd-winter-2001:b-4
amnd-winter-2001,amnd-winter-2001-c-1,C. 1,7,1,8,Senior,archive:amnd-winter-2001:c-1
amnd-winter-2001,amnd-winter-2001-c-2,C. 2,7,2,9,Senior,archive:amnd-winter-2001:c-2
amnd-winter-2001,amnd-winter-2001-c-3,C. 3,7,3,6,Senior,archive:amnd-winter-2001:c-3
amnd-winter-2001,amnd-winter-2001-h-grade,H Grade,6,6,8,Intermediate,archive:amnd-winter-2001:h-grade
amnd-winter-2001,amnd-winter-2001-inter-1,Inter. 1,6,1,10,Intermediate,archive:amnd-winter-2001:inter-1
amnd-winter-2001,amnd-winter-2001-inter-2,Inter. 2,6,2,10,Intermediate,archive:amnd-winter-2001:inter-2
amnd-winter-2001,amnd-winter-2001-inter-3,Inter. 3,6,3,10,Intermediate,archive:amnd-winter-2001:inter-3
amnd-winter-2001,amnd-winter-2001-inter-4,Inter. 4,6,4,9,Intermediate,archive:amnd-winter-2001:inter-4
amnd-winter-2001,amnd-winter-2001-inter-5,Inter. 5,6,5,6,Intermediate,archive:amnd-winter-2001:inter-5
amnd-winter-2001,amnd-winter-2001-junior-1,Junior 1,8,1,10,Junior,archive:amnd-winter-2001:junior-1
amnd-winter-2001,amnd-winter-2001-junior-2,Junior 2,8,2,10,Junior,archive:amnd-winter-2001:junior-2
amnd-winter-2001,amnd-winter-2001-junior-3,Junior 3,8,3,9,Junior,archive:amnd-winter-2001:junior-3
amnd-winter-2001,amnd-winter-2001-junior-4,Junior 4,8,4,10,Junior,archive:amnd-winter-2001:junior-4
amnd-winter-2001,amnd-winter-2001-junior-5,Junior 5,8,5,8,Junior,archive:amnd-winter-2001:junior-5
amnd-winter-2001,amnd-winter-2001-junior-6,Junior 6,8,6,8,Junior,archive:amnd-winter-2001:junior-6
amnd-winter-2001,amnd-winter-2001-primary-1,Primary 1,10,1,8,Junior,archive:amnd-winter-2001:primary-1
amnd-winter-2001,amnd-winter-2001-primary-2,Primary 2,10,2,8,Junior,archive:amnd-winter-2001:primary-2
amnd-winter-2001,amnd-winter-2001-primary-3,Primary 3,10,3,6,Junior,archive:amnd-winter-2001:primary-3
amnd-winter-2001,amnd-winter-2001-primary-4,Primary 4,10,4,6,Junior,archive:amnd-winter-2001:primary-4
amnd-winter-2001,amnd-winter-2001-primary-5,Primary 5,10,5,6,Junior,archive:amnd-winter-2001:primary-5
amnd-winter-2001,amnd-winter-2001-sub-junior-1,Sub-Junior 1,9,1,8,Junior,archive:amnd-winter-2001:sub-junior-1
amnd-winter-2001,amnd-winter-2001-sub-junior-2,Sub-Junior 2,9,2,8,Junior,archive:amnd-winter-2001:sub-junior-2
amnd-winter-2001,amnd-winter-2001-sub-junior-3,Sub-Junior 3,9,3,8,Junior,archive:amnd-winter-2001:sub-junior-3
amnd-winter-2001,amnd-winter-2001-sub-junior-4,Sub-Junior 4,9,4,8,Junior,archive:amnd-winter-2001:sub-junior-4
amnd-winter-2001,amnd-winter-2001-sub-junior-5,Sub-Junior 5,9,5,7,Junior,archive:amnd-winter-2001:sub-junior-5
amnd-winter-2001,amnd-winter-2001-sub-junior-6,Sub-Junior 6,9,6,6,Junior,archive:amnd-winter-2001:sub-junior-6
amnd-winter-2001,amnd-winter-2001-sub-junior-7,Sub-Junior 7,9,7,6,Junior,archive:amnd-winter-2001:sub-junior-7
amnd-winter-2001,amnd-winter-2001-sub-junior-8,Sub-Junior 8,9,8,6,Junior,archive:amnd-winter-2001:sub-junior-8
amnd-winter-2002,amnd-winter-2002-amnd-league,AMND League,3,,10,Senior,archive:amnd-winter-2002:amnd-league
amnd-winter-2002,amnd-winter-2002-a-grade,A. Grade,4,,10,Senior,archive:amnd-winter-2002:a-grade
amnd-winter-2002,amnd-winter-2002-b-1,B. 1,5,1,10,Senior,archive:amnd-winter-2002:b-1
amnd-winter-2002,amnd-winter-2002-b-2,B. 2,5,2,10,Senior,archive:amnd-winter-2002:b-2
amnd-winter-2002,amnd-winter-2002-b-3,B. 3,5,3,10,Senior,archive:amnd-winter-2002:b-3
amnd-winter-2002,amnd-winter-2002-b-4,B. 4,5,4,10,Senior,archive:amnd-winter-2002:b-4
amnd-winter-2002,amnd-winter-2002-c-1,C. 1,7,1,10,Senior,archive:amnd-winter-2002:c-1
amnd-winter-2002,amnd-winter-2002-c-2,C. 2,7,2,7,Senior,archive:amnd-winter-2002:c-2
amnd-winter-2002,amnd-winter-2002-c-3,C. 3,7,3,6,Senior,archive:amnd-winter-2002:c-3
amnd-winter-2002,amnd-winter-2002-h-grade,H Grade,6,6,7,Intermediate,archive:amnd-winter-2002:h-grade
amnd-winter-2002,amnd-winter-2002-inter-1,Inter. 1,6,1,10,Intermediate,archive:amnd-winter-2002:inter-1
amnd-winter-2002,amnd-winter-2002-inter-2,Inter. 2,6,2,10,Intermediate,archive:amnd-winter-2002:inter-2
amnd-winter-2002,amnd-winter-2002-inter-3,Inter. 3,6,3,10,Intermediate,archive:amnd-winter-2002:inter-3
amnd-winter-2002,amnd-winter-2002-inter-4,Inter. 4,6,4,9,Intermediate,archive:amnd-winter-2002:inter-4
amnd-winter-2002,amnd-winter-2002-inter-5,Inter. 5,6,5,6,Intermediate,archive:amnd-winter-2002:inter-5
amnd-winter-2002,amnd-winter-2002-inter-6,Inter. 6,6,6,7,Intermediate,archive:amnd-winter-2002:inter-6
amnd-winter-2002,amnd-winter-2002-junior-1,Junior 1,8,1,10,Junior,archive:amnd-winter-2002:junior-1
amnd-winter-2002,amnd-winter-2002-junior-2,Junior 2,8,2,10,Junior,archive:amnd-winter-2002:junior-2
amnd-winter-2002,amnd-winter-2002-junior-3,Junior 3,8,3,10,Junior,archive:amnd-winter-2002:junior-3
amnd-winter-2002,amnd-winter-2002-junior-4,Junior 4,8,4,9,Junior,archive:amnd-winter-2002:junior-4
amnd-winter-2002,amnd-winter-2002-junior-5,Junior 5,8,5,9,Junior,archive:amnd-winter-2002:junior-5
amnd-winter-2002,amnd-winter-2002-junior-6,Junior 6,8,6,9,Junior,archive:amnd-winter-2002:junior-6
amnd-winter-2002,amnd-winter-2002-primary-1,Primary 1,10,1,8,Junior,archive:amnd-winter-2002:primary-1
amnd-winter-2002,amnd-winter-2002-primary-2,Primary 2,10,2,8,Junior,archive:amnd-winter-2002:primary-2
amnd-winter-2002,amnd-winter-2002-primary-3,Primary 3,10,3,6,Junior,archive:amnd-winter-2002:primary-3
amnd-winter-2002,amnd-winter-2002-primary-4,Primary 4,10,4,6,Junior,archive:amnd-winter-2002:primary-4
amnd-winter-2002,amnd-winter-2002-primary-5,Primary 5,10,5,6,Junior,archive:amnd-winter-2002:primary-5
amnd-winter-2002,amnd-winter-2002-sub-junior-1,Sub-Junior 1,9,1,8,Junior,archive:amnd-winter-2002:sub-junior-1
amnd-winter-2002,amnd-winter-2002-sub-junior-2,Sub-Junior 2,9,2,8,Junior,archive:amnd-winter-2002:sub-junior-2
amnd-winter-2002,amnd-winter-2002-sub-junior-3,Sub-Junior 3,9,3,8,Junior,archive:amnd-winter-2002:sub-junior-3
amnd-winter-2002,amnd-winter-2002-sub-junior-4,Sub-Junior 4,9,4,8,Junior,archive:amnd-winter-2002:sub-junior-4
amnd-winter-2002,amnd-winter-2002-sub-junior-5,Sub-Junior 5,9,5,8,Junior,archive:amnd-winter-2002:sub-junior-5
amnd-winter-2002,amnd-winter-2002-sub-junior-6,Sub-Junior 6,9,6,8,Junior,archive:amnd-winter-2002:sub-junior-6
amnd-winter-2002,amnd-winter-2002-sub-junior-7,Sub-Junior 7,9,7,8,Junior,archive:amnd-winter-2002:sub-junior-7
amnd-winter-2003,amnd-winter-2003-amnd-league,AMND League,3,,10,Senior,archive:amnd-winter-2003:amnd-league
amnd-winter-2003,amnd-winter-2003-a-grade,A. Grade,4,,10,Senior,archive:amnd-winter-2003:a-grade
amnd-winter-2003,amnd-winter-2003-b-1,B. 1,5,1,10,Senior,archive:amnd-winter-2003:b-1
amnd-winter-2003,amnd-winter-2003-b-2,B. 2,5,2,10,Senior,archive:amnd-winter-2003:b-2
amnd-winter-2003,amnd-winter-2003-b-3,B. 3,5,3,10,Senior,archive:amnd-winter-2003:b-3
amnd-winter-2003,amnd-winter-2003-b-4,B. 4,5,4,10,Senior,archive:amnd-winter-2003:b-4
amnd-winter-2003,amnd-winter-2003-c-1,C. 1,7,1,10,Senior,archive:amnd-winter-2003:c-1
amnd-winter-2003,amnd-winter-2003-c-2,C. 2,7,2,8,Senior,archive:amnd-winter-2003:c-2
amnd-winter-2003,amnd-winter-2003-c-3,C. 3,7,3,8,Senior,archive:amnd-winter-2003:c-3
amnd-winter-2003,amnd-winter-2003-c-4,C. 4,7,4,7,Senior,archive:amnd-winter-2003:c-4
amnd-winter-2003,amnd-winter-2003-h-grade,H Grade,6,6,7,Intermediate,archive:amnd-winter-2003:h-grade
amnd-winter-2003,amnd-winter-2003-inter-1,Inter. 1,6,1,10,Intermediate,archive:amnd-winter-2003:inter-1
amnd-winter-2003,amnd-winter-2003-inter-2,Inter. 2,6,2,8,Intermediate,archive:amnd-winter-2003:inter-2
amnd-winter-2003,amnd-winter-2003-inter-3,Inter. 3,6,3,8,Intermediate,archive:amnd-winter-2003:inter-3
amnd-winter-2003,amnd-winter-2003-inter-4,Inter. 4,6,4,8,Intermediate,archive:amnd-winter-2003:inter-4
amnd-winter-2003,amnd-winter-2003-inter-5,Inter. 5,6,5,6,Intermediate,archive:amnd-winter-2003:inter-5
amnd-winter-2003,amnd-winter-2003-junior-1,Junior 1,8,1,10,Junior,archive:amnd-winter-2003:junior-1
amnd-winter-2003,amnd-winter-2003-junior-2,Junior 2,8,2,10,Junior,archive:amnd-winter-2003:junior-2
amnd-winter-2003,amnd-winter-2003-junior-3,Junior 3,8,3,10,Junior,archive:amnd-winter-2003:junior-3
amnd-winter-2003,amnd-winter-2003-junior-4,Junior 4,8,4,10,Junior,archive:amnd-winter-2003:junior-4
amnd-winter-2003,amnd-winter-2003-junior-5,Junior 5,8,5,10,Junior,archive:amnd-winter-2003:junior-5
amnd-winter-2003,amnd-winter-2003-junior-6,Junior 6,8,6,10,Junior,archive:amnd-winter-2003:junior-6
amnd-winter-2003,amnd-winter-2003-primary-1,Primary 1,10,1,6,Junior,archive:amnd-winter-2003:primary-1
amnd-winter-2003,amnd-winter-2003-primary-2,Primary 2,10,2,6,Junior,archive:amnd-winter-2003:primary-2
amnd-winter-2003,amnd-winter-2003-primary-3,Primary 3,10,3,6,Junior,archive:amnd-winter-2003:primary-3
amnd-winter-2003,amnd-winter-2003-primary-4,Primary 4,10,4,6,Junior,archive:amnd-winter-2003:primary-4
amnd-winter-2003,amnd-winter-2003-primary-5,Primary 5,10,5,6,Junior,archive:amnd-winter-2003:primary-5
amnd-winter-2003,amnd-winter-2003-primary-6,Primary 6,10,6,6,Junior,archive:amnd-winter-2003:primary-6
amnd-winter-2003,amnd-winter-2003-sub-junior-1,Sub-Junior 1,9,1,8,Junior,archive:amnd-winter-2003:sub-junior-1
amnd-winter-2003,amnd-winter-2003-sub-junior-2,Sub-Junior 2,9,2,8,Junior,archive:amnd-winter-2003:sub-junior-2
amnd-winter-2003,amnd-winter-2003-sub-junior-3,Sub-Junior 3,9,3,8,Junior,archive:amnd-winter-2003:sub-junior-3
amnd-winter-2003,amnd-winter-2003-sub-junior-4,Sub-Junior 4,9,4,8,Junior,archive:amnd-winter-2003:sub-junior-4
amnd-winter-2003,amnd-winter-2003-sub-junior-5,Sub-Junior 5,9,5,8,Junior,archive:amnd-winter-2003:sub-junior-5
amnd-winter-2003,amnd-winter-2003-sub-junior-6,Sub-Junior 6,9,6,8,Junior,archive:amnd-winter-2003:sub-junior-6
amnd-winter-2003,amnd-winter-2003-sub-junior-7,Sub-Junior 7,9,7,6,Junior,archive:amnd-winter-2003:sub-junior-7
amnd-winter-2004,amnd-winter-2004-amnd-league,AMND League,3,,10,Senior,archive:amnd-winter-2004:amnd-league
amnd-winter-2004,amnd-winter-2004-a-grade,A. Grade,4,,10,Senior,archive:amnd-winter-2004:a-grade
amnd-winter-2004,amnd-winter-2004-b-1,B. 1,5,1,10,Senior,archive:amnd-winter-2004:b-1
amnd-winter-2004,amnd-winter-2004-b-2,B. 2,5,2,10,Senior,archive:amnd-winter-2004:b-2
amnd-winter-2004,amnd-winter-2004-b-3,B. 3,5,3,10,Senior,archive:amnd-winter-2004:b-3
amnd-winter-2004,amnd-winter-2004-b-4,B. 4,5,4,10,Senior,archive:amnd-winter-2004:b-4
amnd-winter-2004,amnd-winter-2004-c-1,C. 1,7,1,10,Senior,archive:amnd-winter-2004:c-1
amnd-winter-2004,amnd-winter-2004-c-2,C. 2,7,2,9,Senior,archive:amnd-winter-2004:c-2
amnd-winter-2004,amnd-winter-2004-c-3,C. 3,7,3,6,Senior,archive:amnd-winter-2004:c-3
amnd-winter-2004,amnd-winter-2004-c-4,C. 4,7,4,6,Senior,archive:amnd-winter-2004:c-4
amnd-winter-2004,amnd-winter-2004-h-grade,H Grade,6,6,7,Intermediate,archive:amnd-winter-2004:h-grade
amnd-winter-2004,amnd-winter-2004-inter-1,Inter. 1,6,1,10,Intermediate,archive:amnd-winter-2004:inter-1
amnd-winter-2004,amnd-winter-2004-inter-2,Inter. 2,6,2,10,Intermediate,archive:amnd-winter-2004:inter-2
amnd-winter-2004,amnd-winter-2004-inter-3,Inter. 3,6,3,6,Intermediate,archive:amnd-winter-2004:inter-3
amnd-winter-2004,amnd-winter-2004-inter-4,Inter. 4,6,4,9,Intermediate,archive:amnd-winter-2004:inter-4
amnd-winter-2004,amnd-winter-2004-inter-5,Inter. 5,6,5,6,Intermediate,archive:amnd-winter-2004:inter-5
amnd-winter-2004,amnd-winter-2004-junior-1,Junior 1,8,1,10,Junior,archive:amnd-winter-2004:junior-1
amnd-winter-2004,amnd-winter-2004-junior-2,Junior 2,8,2,10,Junior,archive:amnd-winter-2004:junior-2
amnd-winter-2004,amnd-winter-2004-junior-3,Junior 3,8,3,10,Junior,archive:amnd-winter-2004:junior-3
amnd-winter-2004,amnd-winter-2004-junior-4,Junior 4,8,4,10,Junior,archive:amnd-winter-2004:junior-4
amnd-winter-2004,amnd-winter-2004-junior-5,Junior 5,8,5,10,Junior,archive:amnd-winter-2004:junior-5
amnd-winter-2004,amnd-winter-2004-junior-6,Junior 6,8,6,7,Junior,archive:amnd-winter-2004:junior-6
amnd-winter-2004,amnd-winter-2004-primary-1,Primary 1,10,1,6,Junior,archive:amnd-winter-2004:primary-1
amnd-winter-2004,amnd-winter-2004-primary-2,Primary 2,10,2,6,Junior,archive:amnd-winter-2004:primary-2
amnd-winter-2004,amnd-winter-2004-primary-3,Primary 3,10,3,6,Junior,archive:amnd-winter-2004:primary-3
amnd-winter-2004,amnd-winter-2004-primary-4,Primary 4,10,4,6,Junior,archive:amnd-winter-2004:primary-4
amnd-winter-2004,amnd-winter-2004-primary-5,Primary 5,10,5,6,Junior,archive:amnd-winter-2004:primary-5
amnd-winter-2004,amnd-winter-2004-primary-6,Primary 6,10,6,6,Junior,archive:amnd-winter-2004:primary-6
amnd-winter-2004,amnd-winter-2004-primary-7,Primary 7,10,7,6,Junior,archive:amnd-winter-2004:primary-7
amnd-winter-2004,amnd-winter-2004-sub-junior-1,Sub-Junior 1,9,1,8,Junior,archive:amnd-winter-2004:sub-junior-1
amnd-winter-2004,amnd-winter-2004-sub-junior-2,Sub-Junior 2,9,2,7,Junior,archive:amnd-winter-2004:sub-junior-2
amnd-winter-2004,amnd-winter-2004-sub-junior-3,Sub-Junior 3,9,3,8,Junior,archive:amnd-winter-2004:sub-junior-3
amnd-winter-2004,amnd-winter-2004-sub-junior-4,Sub-Junior 4,9,4,8,Junior,archive:amnd-winter-2004:sub-junior-4
amnd-winter-2004,amnd-winter-2004-sub-junior-5,Sub-Junior 5,9,5,8,Junior,archive:amnd-winter-2004:sub-junior-5
amnd-winter-2004,amnd-winter-2004-sub-junior-6,Sub-Junior 6,9,6,8,Junior,archive:amnd-winter-2004:sub-junior-6
amnd-winter-2004,amnd-winter-2004-sub-junior-7,Sub-Junior 7,9,7,7,Junior,archive:amnd-winter-2004:sub-junior-7
amnd-winter-2005,amnd-winter-2005-amnd-league,AMND League,3,,10,Senior,archive:amnd-winter-2005:amnd-league
amnd-winter-2005,amnd-winter-2005-a-grade,A. Grade,4,,10,Senior,archive:amnd-winter-2005:a-grade
amnd-winter-2005,amnd-winter-2005-b-1,B. 1,5,1,10,Senior,archive:amnd-winter-2005:b-1
amnd-winter-2005,amnd-winter-2005-b-2,B. 2,5,2,10,Senior,archive:amnd-winter-2005:b-2
amnd-winter-2005,amnd-winter-2005-b-3,B. 3,5,3,10,Senior,archive:amnd-winter-2005:b-3
amnd-winter-2005,amnd-winter-2005-b-4,B. 4,5,4,10,Senior,archive:amnd-winter-2005:b-4
amnd-winter-2005,amnd-winter-2005-c-1,C. 1,7,1,8,Senior,archive:amnd-winter-2005:c-1
amnd-winter-2005,amnd-winter-2005-c-2,C. 2,7,2,10,Senior,archive:amnd-winter-2005:c-2
amnd-winter-2005,amnd-winter-2005-c-3,C. 3,7,3,10,Senior,archive:amnd-winter-2005:c-3
amnd-winter-2005,amnd-winter-2005-h-grade,H Grade,6,6,7,Intermediate,archive:amnd-winter-2005:h-grade
amnd-winter-2005,amnd-winter-2005-inter-1,Inter. 1,6,1,10,Intermediate,archive:amnd-winter-2005:inter-1
amnd-winter-2005,amnd-winter-2005-inter-2,Inter. 2,6,2,10,Intermediate,archive:amnd-winter-2005:inter-2
amnd-winter-2005,amnd-winter-2005-inter-3,Inter. 3,6,3,10,Intermediate,archive:amnd-winter-2005:inter-3
amnd-winter-2005,amnd-winter-2005-inter-4,Inter. 4,6,4,10,Intermediate,archive:amnd-winter-2005:inter-4
amnd-winter-2005,amnd-winter-2005-inter-5,Inter. 5,6,5,9,Intermediate,archive:amnd-winter-2005:inter-5
amnd-winter-2005,amnd-winter-2005-junior-1,Junior 1,8,1,10,Junior,archive:amnd-winter-2005:junior-1
amnd-winter-2005,amnd-winter-2005-junior-2,Junior 2,8,2,10,Junior,archive:amnd-winter-2005:junior-2
amnd-winter-2005,amnd-winter-2005-junior-3,Junior 3,8,3,10,Junior,archive:amnd-winter-2005:junior-3
amnd-winter-2005,amnd-winter-2005-junior-4,Junior 4,8,4,9,Junior,archive:amnd-winter-2005:junior-4
amnd-winter-2005,amnd-winter-2005-junior-5,Junior 5,8,5,10,Junior,archive:amnd-winter-2005:junior-5
amnd-winter-2005,amnd-winter-2005-junior-6,Junior 6,8,6,9,Junior,archive:amnd-winter-2005:junior-6
amnd-winter-2005,amnd-winter-2005-primary-1,Primary 1,10,1,6,Junior,archive:amnd-winter-2005:primary-1
amnd-winter-2005,amnd-winter-2005-primary-2,Primary 2,10,2,6,Junior,archive:amnd-winter-2005:primary-2
amnd-winter-2005,amnd-winter-2005-primary-3,Primary 3,10,3,8,Junior,archive:amnd-winter-2005:primary-3
amnd-winter-2005,amnd-winter-2005-primary-4,Primary 4,10,4,6,Junior,archive:amnd-winter-2005:primary-4
amnd-winter-2005,amnd-winter-2005-primary-5,Primary 5,10,5,6,Junior,archive:amnd-winter-2005:primary-5
amnd-winter-2005,amnd-winter-2005-primary-6,Primary 6,10,6,8,Junior,archive:amnd-winter-2005:primary-6
amnd-winter-2005,amnd-winter-2005-sub-junior-1,Sub-Junior 1,9,1,8,Junior,archive:amnd-winter-2005:sub-junior-1
amnd-winter-2005,amnd-winter-2005-sub-junior-2,Sub-Junior 2,9,2,8,Junior,archive:amnd-winter-2005:sub-junior-2
amnd-winter-2005,amnd-winter-2005-sub-junior-3,Sub-Junior 3,9,3,8,Junior,archive:amnd-winter-2005:sub-junior-3
amnd-winter-2005,amnd-winter-2005-sub-junior-4,Sub-Junior 4,9,4,8,Junior,archive:amnd-winter-2005:sub-junior-4
amnd-winter-2005,amnd-winter-2005-sub-junior-5,Sub-Junior 5,9,5,8,Junior,archive:amnd-winter-2005:sub-junior-5
amnd-winter-2005,amnd-winter-2005-sub-junior-6,Sub-Junior 6,9,6,8,Junior,archive:amnd-winter-2005:sub-junior-6
amnd-winter-2005,amnd-winter-2005-sub-junior-7,Sub-Junior 7,9,7,6,Junior,archive:amnd-winter-2005:sub-junior-7
amnd-winter-2006,amnd-winter-2006-amnd-league,AMND League,3,,10,Senior,archive:amnd-winter-2006:amnd-league
amnd-winter-2006,amnd-winter-2006-a-grade,A. Grade,4,,10,Senior,archive:amnd-winter-2006:a-grade
amnd-winter-2006,amnd-winter-2006-b-1,B. 1,5,1,10,Senior,archive:amnd-winter-2006:b-1
amnd-winter-2006,amnd-winter-2006-b-2,B. 2,5,2,10,Senior,archive:amnd-winter-2006:b-2
amnd-winter-2006,amnd-winter-2006-b-3,B. 3,5,3,10,Senior,archive:amnd-winter-2006:b-3
amnd-winter-2006,amnd-winter-2006-b-4,B. 4,5,4,10,Senior,archive:amnd-winter-2006:b-4
amnd-winter-2006,amnd-winter-2006-c-1,C. 1,7,1,10,Senior,archive:amnd-winter-2006:c-1
amnd-winter-2006,amnd-winter-2006-c-2,C. 2,7,2,10,Senior,archive:amnd-winter-2006:c-2
amnd-winter-2006,amnd-winter-2006-c-3,C. 3,7,3,6,Senior,archive:amnd-winter-2006:c-3
amnd-winter-2006,amnd-winter-2006-c-4,C. 4,7,4,8,Senior,archive:amnd-winter-2006:c-4
amnd-winter-2006,amnd-winter-2006-h-grade,H Grade,6,6,5,Intermediate,archive:amnd-winter-2006:h-grade
amnd-winter-2006,amnd-winter-2006-inter-1,Inter. 1,6,1,10,Intermediate,archive:amnd-winter-2006:inter-1
amnd-winter-2006,amnd-winter-2006-inter-2,Inter. 2,6,2,10,Intermediate,archive:amnd-winter-2006:inter-2
amnd-winter-2006,amnd-winter-2006-inter-3,Inter. 3,6,3,10,Intermediate,archive:amnd-winter-2006:inter-3
amnd-winter-2006,amnd-winter-2006-inter-4,Inter. 4,6,4,8,Intermediate,archive:amnd-winter-2006:inter-4
amnd-winter-2006,amnd-winter-2006-inter-5,Inter. 5,6,5,7,Intermediate,archive:amnd-winter-2006:inter-5
amnd-winter-2006,amnd-winter-2006-junior-1,Junior 1,8,1,10,Junior,archive:amnd-winter-2006:junior-1
amnd-winter-2006,amnd-winter-2006-junior-2,Junior 2,8,2,10,Junior,archive:amnd-winter-2006:junior-2
amnd-winter-2006,amnd-winter-2006-junior-3,Junior 3,8,3,10,Junior,archive:amnd-winter-2006:junior-3
amnd-winter-2006,amnd-winter-2006-junior-4,Junior 4,8,4,8,Junior,archive:amnd-winter-2006:junior-4
amnd-winter-2006,amnd-winter-2006-junior-5,Junior 5,8,5,8,Junior,archive:amnd-winter-2006:junior-5
amnd-winter-2006,amnd-winter-2006-junior-6,Junior 6,8,6,8,Junior,archive:amnd-winter-2006:junior-6
amnd-winter-2006,amnd-winter-2006-junior-7,Junior 7,8,7,8,Junior,archive:amnd-winter-2006:junior-7
amnd-winter-2006,amnd-winter-2006-primary-1,Primary 1,10,1,6,Junior,archive:amnd-winter-2006:primary-1
amnd-winter-2006,amnd-winter-2006-primary-2,Primary 2,10,2,9,Junior,archive:amnd-winter-2006:primary-2
amnd-winter-2006,amnd-winter-2006-primary-3,Primary 3,10,3,8,Junior,archive:amnd-winter-2006:primary-3
amnd-winter-2006,amnd-winter-2006-primary-4,Primary 4,10,4,6,Junior,archive:amnd-winter-2006:primary-4
amnd-winter-2006,amnd-winter-2006-primary-6,Primary 6,10,6,8,Junior,archive:amnd-winter-2006:primary-6
amnd-winter-2006,amnd-winter-2006-sub-junior-1,Sub-Junior 1,9,1,8,Junior,archive:amnd-winter-2006:sub-junior-1
amnd-winter-2006,amnd-winter-2006-sub-junior-2,Sub-Junior 2,9,2,8,Junior,archive:amnd-winter-2006:sub-junior-2
amnd-winter-2006,amnd-winter-2006-sub-junior-3,Sub-Junior 3,9,3,8,Junior,archive:amnd-winter-2006:sub-junior-3
amnd-winter-2006,amnd-winter-2006-sub-junior-4,Sub-Junior 4,9,4,8,Junior,archive:amnd-winter-2006:sub-junior-4
amnd-winter-2006,amnd-winter-2006-sub-junior-5,Sub-Junior 5,9,5,8,Junior,archive:amnd-winter-2006:sub-junior-5
amnd-winter-2006,amnd-winter-2006-sub-junior-6,Sub-Junior 6,9,6,6,Junior,archive:amnd-winter-2006:sub-junior-6
amnd-winter-2006,amnd-winter-2006-sub-junior-7,Sub-Junior 7,9,7,6,Junior,archive:amnd-winter-2006:sub-junior-7
amnd-winter-2006,amnd-winter-2006-sub-junior-8,Sub-Junior 8,9,8,7,Junior,archive:amnd-winter-2006:sub-junior-8
amnd-winter-2007,amnd-winter-2007-a-grade,A. Grade,4,,8,Senior,archive:amnd-winter-2007:a-grade
amnd-winter-2007,amnd-winter-2007-amnd-league,AMND League,3,,10,Senior,archive:amnd-winter-2007:amnd-league
amnd-winter-2007,amnd-winter-2007-b-1,B. 1,5,1,10,Senior,archive:amnd-winter-2007:b-1
amnd-winter-2007,amnd-winter-2007-b-2,B. 2,5,2,10,Senior,archive:amnd-winter-2007:b-2
amnd-winter-2007,amnd-winter-2007-b-3,B. 3,5,3,10,Senior,archive:amnd-winter-2007:b-3
amnd-winter-2007,amnd-winter-2007-b-4,B. 4,5,4,10,Senior,archive:amnd-winter-2007:b-4
amnd-winter-2007,amnd-winter-2007-c-1,C. 1,7,1,9,Senior,archive:amnd-winter-2007:c-1
amnd-winter-2007,amnd-winter-2007-c-2,C. 2,7,2,9,Senior,archive:amnd-winter-2007:c-2
amnd-winter-2007,amnd-winter-2007-c-3,C. 3,7,3,9,Senior,archive:amnd-winter-2007:c-3
amnd-winter-2007,amnd-winter-2007-c-4,C. 4,7,4,8,Senior,archive:amnd-winter-2007:c-4
amnd-winter-2007,amnd-winter-2007-h-grade,H Grade,6,6,5,Intermediate,archive:amnd-winter-2007:h-grade
amnd-winter-2007,amnd-winter-2007-inter-1,Inter. 1,6,1,10,Intermediate,archive:amnd-winter-2007:inter-1
amnd-winter-2007,amnd-winter-2007-inter-2,Inter. 2,6,2,10,Intermediate,archive:amnd-winter-2007:inter-2
amnd-winter-2007,amnd-winter-2007-inter-3,Inter. 3,6,3,10,Intermediate,archive:amnd-winter-2007:inter-3
amnd-winter-2007,amnd-winter-2007-inter-4,Inter. 4,6,4,9,Intermediate,archive:amnd-winter-2007:inter-4
amnd-winter-2007,amnd-winter-2007-inter-5,Inter. 5,6,5,8,Intermediate,archive:amnd-winter-2007:inter-5
amnd-winter-2007,amnd-winter-2007-junior-1,Junior 1,8,1,10,Junior,archive:amnd-winter-2007:junior-1
amnd-winter-2007,amnd-winter-2007-junior-2,Junior 2,8,2,10,Junior,archive:amnd-winter-2007:junior-2
amnd-winter-2007,amnd-winter-2007-junior-3,Junior 3,8,3,10,Junior,archive:amnd-winter-2007:junior-3
amnd-winter-2007,amnd-winter-2007-junior-4,Junior 4,8,4,10,Junior,archive:amnd-winter-2007:junior-4
amnd-winter-2007,amnd-winter-2007-junior-5,Junior 5,8,5,9,Junior,archive:amnd-winter-2007:junior-5
amnd-winter-2007,amnd-winter-2007-junior-6,Junior 6,8,6,8,Junior,archive:amnd-winter-2007:junior-6
amnd-winter-2007,amnd-winter-2007-junior-7,Junior 7,8,7,10,Junior,archive:amnd-winter-2007:junior-7
amnd-winter-2007,amnd-winter-2007-primary-1,Primary 1,10,1,8,Junior,archive:amnd-winter-2007:primary-1
amnd-winter-2007,amnd-winter-2007-primary-2,Primary 2,10,2,8,Junior,archive:amnd-winter-2007:primary-2
amnd-winter-2007,amnd-winter-2007-primary-3,Primary 3,10,3,6,Junior,archive:amnd-winter-2007:primary-3
amnd-winter-2007,amnd-winter-2007-primary-4,Primary 4,10,4,6,Junior,archive:amnd-winter-2007:primary-4
amnd-winter-2007,amnd-winter-2007-primary-5,Primary 5,10,5,8,Junior,archive:amnd-winter-2007:primary-5
amnd-winter-2007,amnd-winter-2007-primary-6,Primary 6,10,6,6,Junior,archive:amnd-winter-2007:primary-6
amnd-winter-2007,amnd-winter-2007-sub-junior-1,Sub-Junior 1,9,1,6,Junior,archive:amnd-winter-2007:sub-junior-1
amnd-winter-2007,amnd-winter-2007-sub-junior-2,Sub-Junior 2,9,2,6,Junior,archive:amnd-winter-2007:sub-junior-2
amnd-winter-2007,amnd-winter-2007-sub-junior-3,Sub-Junior 3,9,3,6,Junior,archive:amnd-winter-2007:sub-junior-3
amnd-winter-2007,amnd-winter-2007-sub-junior-4,Sub-Junior 4,9,4,8,Junior,archive:amnd-winter-2007:sub-junior-4
amnd-winter-2007,amnd-winter-2007-sub-junior-5,Sub-Junior 5,9,5,8,Junior,archive:amnd-winter-2007:sub-junior-5
amnd-winter-2007,amnd-winter-2007-sub-junior-6,Sub-Junior 6,9,6,8,Junior,archive:amnd-winter-2007:sub-junior-6
amnd-winter-2007,amnd-winter-2007-sub-junior-7,Sub-Junior 7,9,7,6,Junior,archive:amnd-winter-2007:sub-junior-7
amnd-winter-2007,amnd-winter-2007-sub-junior-8,Sub-Junior 8,9,8,7,Junior,archive:amnd-winter-2007:sub-junior-8
amnd-winter-2007,amnd-winter-2007-sub-junior-9,Sub-Junior 9,9,9,8,Junior,archive:amnd-winter-2007:sub-junior-9
amnd-winter-2008,amnd-winter-2008-a-grade,A. Grade,4,,8,Senior,archive:amnd-winter-2008:a-grade
amnd-winter-2008,amnd-winter-2008-amnd-league,AMND League,3,,10,Senior,archive:amnd-winter-2008:amnd-league
amnd-winter-2008,amnd-winter-2008-b-1,B. 1,5,1,10,Senior,archive:amnd-winter-2008:b-1
amnd-winter-2008,amnd-winter-2008-b-2,B. 2,5,2,10,Senior,archive:amnd-winter-2008:b-2
amnd-winter-2008,amnd-winter-2008-b-3,B. 3,5,3,6,Senior,archive:amnd-winter-2008:b-3
amnd-winter-2008,amnd-winter-2008-b-4,B. 4,5,4,6,Senior,archive:amnd-winter-2008:b-4
amnd-winter-2008,amnd-winter-2008-b-5,B. 5,5,5,8,Senior,archive:amnd-winter-2008:b-5
amnd-winter-2008,amnd-winter-2008-c-1,C. 1,7,1,10,Senior,archive:amnd-winter-2008:c-1
amnd-winter-2008,amnd-winter-2008-c-2,C. 2,7,2,9,Senior,archive:amnd-winter-2008:c-2
amnd-winter-2008,amnd-winter-2008-c-3,C. 3,7,3,9,Senior,archive:amnd-winter-2008:c-3
amnd-winter-2008,amnd-winter-2008-c-4,C. 4,7,4,9,Senior,archive:amnd-winter-2008:c-4
amnd-winter-2008,amnd-winter-2008-h-grade,H Grade,6,6,6,Intermediate,archive:amnd-winter-2008:h-grade
amnd-winter-2008,amnd-winter-2008-inter-1,Inter. 1,6,1,10,Intermediate,archive:amnd-winter-2008:inter-1
amnd-winter-2008,amnd-winter-2008-inter-2,Inter. 2,6,2,9,Intermediate,archive:amnd-winter-2008:inter-2
amnd-winter-2008,amnd-winter-2008-inter-3,Inter. 3,6,3,10,Intermediate,archive:amnd-winter-2008:inter-3
amnd-winter-2008,amnd-winter-2008-inter-4,Inter. 4,6,4,10,Intermediate,archive:amnd-winter-2008:inter-4
amnd-winter-2008,amnd-winter-2008-inter-5,Inter. 5,6,5,8,Intermediate,archive:amnd-winter-2008:inter-5
amnd-winter-2008,amnd-winter-2008-junior-1,Junior 1,8,1,8,Junior,archive:amnd-winter-2008:junior-1
amnd-winter-2008,amnd-winter-2008-junior-2,Junior 2,8,2,8,Junior,archive:amnd-winter-2008:junior-2
amnd-winter-2008,amnd-winter-2008-junior-3,Junior 3,8,3,10,Junior,archive:amnd-winter-2008:junior-3
amnd-winter-2008,amnd-winter-2008-junior-4,Junior 4,8,4,10,Junior,archive:amnd-winter-2008:junior-4
amnd-winter-2008,amnd-winter-2008-junior-5,Junior 5,8,5,10,Junior,archive:amnd-winter-2008:junior-5
amnd-winter-2008,amnd-winter-2008-junior-6,Junior 6,8,6,10,Junior,archive:amnd-winter-2008:junior-6
amnd-winter-2008,amnd-winter-2008-junior-7,Junior 7,8,7,10,Junior,archive:amnd-winter-2008:junior-7
amnd-winter-2008,amnd-winter-2008-primary-1,Primary 1,10,1,6,Junior,archive:amnd-winter-2008:primary-1
amnd-winter-2008,amnd-winter-2008-primary-2,Primary 2,10,2,7,Junior,archive:amnd-winter-2008:primary-2
amnd-winter-2008,amnd-winter-2008-primary-3,Primary 3,10,3,6,Junior,archive:amnd-winter-2008:primary-3
amnd-winter-2008,amnd-winter-2008-primary-4,Primary 4,10,4,8,Junior,archive:amnd-winter-2008:primary-4
amnd-winter-2008,amnd-winter-2008-primary-5,Primary 5,10,5,6,Junior,archive:amnd-winter-2008:primary-5
amnd-winter-2008,amnd-winter-2008-primary-6,Primary 6,10,6,8,Junior,archive:amnd-winter-2008:primary-6
amnd-winter-2008,amnd-winter-2008-primary-7,Primary 7,10,7,8,Junior,archive:amnd-winter-2008:primary-7
amnd-winter-2008,amnd-winter-2008-sub-junior-1,Sub-Junior 1,9,1,6,Junior,archive:amnd-winter-2008:sub-junior-1
amnd-winter-2008,amnd-winter-2008-sub-junior-2,Sub-Junior 2,9,2,6,Junior,archive:amnd-winter-2008:sub-junior-2
amnd-winter-2008,amnd-winter-2008-sub-junior-3,Sub-Junior 3,9,3,8,Junior,archive:amnd-winter-2008:sub-junior-3
amnd-winter-2008,amnd-winter-2008-sub-junior-4,Sub-Junior 4,9,4,8,Junior,archive:amnd-winter-2008:sub-junior-4
amnd-winter-2008,amnd-winter-2008-sub-junior-5,Sub-Junior 5,9,5,8,Junior,archive:amnd-winter-2008:sub-junior-5
amnd-winter-2008,amnd-winter-2008-sub-junior-6,Sub-Junior 6,9,6,6,Junior,archive:amnd-winter-2008:sub-junior-6
amnd-winter-2008,amnd-winter-2008-sub-junior-7,Sub-Junior 7,9,7,8,Junior,archive:amnd-winter-2008:sub-junior-7
amnd-winter-2008,amnd-winter-2008-sub-junior-8,Sub-Junior 8,9,8,6,Junior,archive:amnd-winter-2008:sub-junior-8
amnd-winter-2009,amnd-winter-2009-a-grade,A. Grade,4,,10,Senior,archive:amnd-winter-2009:a-grade
amnd-winter-2009,amnd-winter-2009-amnd-league,AMND League,3,,10,Senior,archive:amnd-winter-2009:amnd-league
amnd-winter-2009,amnd-winter-2009-b-1,B. 1,5,1,10,Senior,archive:amnd-winter-2009:b-1
amnd-winter-2009,amnd-winter-2009-b-2,B. 2,5,2,10,Senior,archive:amnd-winter-2009:b-2
amnd-winter-2009,amnd-winter-2009-b-3,B. 3,5,3,10,Senior,archive:amnd-winter-2009:b-3
amnd-winter-2009,amnd-winter-2009-b-4,B. 4,5,4,10,Senior,archive:amnd-winter-2009:b-4
amnd-winter-2009,amnd-winter-2009-b-5,B. 5,5,5,10,Senior,archive:amnd-winter-2009:b-5
amnd-winter-2009,amnd-winter-2009-c-1,C. 1,7,1,6,Senior,archive:amnd-winter-2009:c-1
amnd-winter-2009,amnd-winter-2009-c-2,C. 2,7,2,8,Senior,archive:amnd-winter-2009:c-2
amnd-winter-2009,amnd-winter-2009-c-3,C. 3,7,3,8,Senior,archive:amnd-winter-2009:c-3
amnd-winter-2009,amnd-winter-2009-c-4,C. 4,7,4,7,Senior,archive:amnd-winter-2009:c-4
amnd-winter-2009,amnd-winter-2009-c-5,C. 5,7,5,6,Senior,archive:amnd-winter-2009:c-5
amnd-winter-2009,amnd-winter-2009-inter-1,Inter. 1,6,1,10,Intermediate,archive:amnd-winter-2009:inter-1
amnd-winter-2009,amnd-winter-2009-inter-2,Inter. 2,6,2,10,Intermediate,archive:amnd-winter-2009:inter-2
amnd-winter-2009,amnd-winter-2009-inter-3,Inter. 3,6,3,8,Intermediate,archive:amnd-winter-2009:inter-3
amnd-winter-2009,amnd-winter-2009-inter-4,Inter. 4,6,4,7,Intermediate,archive:amnd-winter-2009:inter-4
amnd-winter-2009,amnd-winter-2009-inter-5,Inter. 5,6,5,8,Intermediate,archive:amnd-winter-2009:inter-5
amnd-winter-2009,amnd-winter-2009-junior-1,Junior 1,8,1,10,Junior,archive:amnd-winter-2009:junior-1
amnd-winter-2009,amnd-winter-2009-junior-2,Junior 2,8,2,8,Junior,archive:amnd-winter-2009:junior-2
amnd-winter-2009,amnd-winter-2009-junior-3,Junior 3,8,3,7,Junior,archive:amnd-winter-2009:junior-3
amnd-winter-2009,amnd-winter-2009-junior-4,Junior 4,8,4,6,Junior,archive:amnd-winter-2009:junior-4
amnd-winter-2009,amnd-winter-2009-junior-5,Junior 5,8,5,8,Junior,archive:amnd-winter-2009:junior-5
amnd-winter-2009,amnd-winter-2009-junior-6,Junior 6,8,6,8,Junior,archive:amnd-winter-2009:junior-6
amnd-winter-2009,amnd-winter-2009-junior-7,Junior 7,8,7,8,Junior,archive:amnd-winter-2009:junior-7
amnd-winter-2009,amnd-winter-2009-junior-8,Junior 8,8,8,6,Junior,archive:amnd-winter-2009:junior-8
amnd-winter-2009,amnd-winter-2009-junior-9,Junior 9,8,9,6,Junior,archive:amnd-winter-2009:junior-9
amnd-winter-2009,amnd-winter-2009-primary-1,Primary 1,10,1,6,Junior,archive:amnd-winter-2009:primary-1
amnd-winter-2009,amnd-winter-2009-primary-2,Primary 2,10,2,6,Junior,archive:amnd-winter-2009:primary-2
amnd-winter-2009,amnd-winter-2009-primary-3,Primary 3,10,3,6,Junior,archive:amnd-winter-2009:primary-3
amnd-winter-2009,amnd-winter-2009-primary-4,Primary 4,10,4,8,Junior,archive:amnd-winter-2009:primary-4
amnd-winter-2009,amnd-winter-2009-primary-5,Primary 5,10,5,6,Junior,archive:amnd-winter-2009:primary-5
amnd-winter-2009,amnd-winter-2009-primary-6,Primary 6,10,6,6,Junior,archive:amnd-winter-2009:primary-6
amnd-winter-2009,amnd-winter-2009-primary-7,Primary 7,10,7,6,Junior,archive:amnd-winter-2009:primary-7
amnd-winter-2009,amnd-winter-2009-sub-junior-1,Sub-Junior 1,9,1,8,Junior,archive:amnd-winter-2009:sub-junior-1
amnd-winter-2009,amnd-winter-2009-sub-junior-2,Sub-Junior 2,9,2,8,Junior,archive:amnd-winter-2009:sub-junior-2
amnd-winter-2009,amnd-winter-2009-sub-junior-3,Sub-Junior 3,9,3,8,Junior,archive:amnd-winter-2009:sub-junior-3
amnd-winter-2009,amnd-winter-2009-sub-junior-4,Sub-Junior 4,9,4,8,Junior,archive:amnd-winter-2009:sub-junior-4
amnd-winter-2009,amnd-winter-2009-sub-junior-5,Sub-Junior 5,9,5,8,Junior,archive:amnd-winter-2009:sub-junior-5
amnd-winter-2009,amnd-winter-2009-sub-junior-6,Sub-Junior 6,9,6,8,Junior,archive:amnd-winter-2009:sub-junior-6
amnd-winter-2009,amnd-winter-2009-sub-junior-7,Sub-Junior 7,9,7,6,Junior,archive:amnd-winter-2009:sub-junior-7
amnd-winter-2010,amnd-winter-2010-a-grade,A. Grade,4,,10,Senior,archive:amnd-winter-2010:a-grade
amnd-winter-2010,amnd-winter-2010-amnd-league,AMND League,3,,10,Senior,archive:amnd-winter-2010:amnd-league
amnd-winter-2010,amnd-winter-2010-b-1,B. 1,5,1,10,Senior,archive:amnd-winter-2010:b-1
amnd-winter-2010,amnd-winter-2010-b-2,B. 2,5,2,10,Senior,archive:amnd-winter-2010:b-2
amnd-winter-2010,amnd-winter-2010-b-3,B. 3,5,3,10,Senior,archive:amnd-winter-2010:b-3
amnd-winter-2010,amnd-winter-2010-b-4,B. 4,5,4,10,Senior,archive:amnd-winter-2010:b-4
amnd-winter-2010,amnd-winter-2010-b-5,B. 5,5,5,10,Senior,archive:amnd-winter-2010:b-5
amnd-winter-2010,amnd-winter-2010-c-1,C. 1,7,1,10,Senior,archive:amnd-winter-2010:c-1
amnd-winter-2010,amnd-winter-2010-c-2,C. 2,7,2,10,Senior,archive:amnd-winter-2010:c-2
amnd-winter-2010,amnd-winter-2010-c-3,C. 3,7,3,6,Senior,archive:amnd-winter-2010:c-3
amnd-winter-2010,amnd-winter-2010-c-4,C. 4,7,4,5,Senior,archive:amnd-winter-2010:c-4
amnd-winter-2010,amnd-winter-2010-c-5,C. 5,7,5,5,Senior,archive:amnd-winter-2010:c-5
amnd-winter-2010,amnd-winter-2010-inter-1,Inter. 1,6,1,10,Intermediate,archive:amnd-winter-2010:inter-1
amnd-winter-2010,amnd-winter-2010-inter-2,Inter. 2,6,2,10,Intermediate,archive:amnd-winter-2010:inter-2
amnd-winter-2010,amnd-winter-2010-inter-3,Inter. 3,6,3,10,Intermediate,archive:amnd-winter-2010:inter-3
amnd-winter-2010,amnd-winter-2010-inter-4,Inter. 4,6,4,10,Intermediate,archive:amnd-winter-2010:inter-4
amnd-winter-2010,amnd-winter-2010-inter-5,Inter. 5,6,5,8,Intermediate,archive:amnd-winter-2010:inter-5
amnd-winter-2010,amnd-winter-2010-junior-1,Junior 1,8,1,8,Junior,archive:amnd-winter-2010:junior-1
amnd-winter-2010,amnd-winter-2010-junior-2,Junior 2,8,2,8,Junior,archive:amnd-winter-2010:junior-2
amnd-winter-2010,amnd-winter-2010-junior-3,Junior 3,8,3,8,Junior,archive:amnd-winter-2010:junior-3
amnd-winter-2010,amnd-winter-2010-junior-4,Junior 4,8,4,8,Junior,archive:amnd-winter-2010:junior-4
amnd-winter-2010,amnd-winter-2010-junior-5,Junior 5,8,5,8,Junior,archive:amnd-winter-2010:junior-5
amnd-winter-2010,amnd-winter-2010-junior-6,Junior 6,8,6,6,Junior,archive:amnd-winter-2010:junior-6
amnd-winter-2010,amnd-winter-2010-junior-7,Junior 7,8,7,8,Junior,archive:amnd-winter-2010:junior-7
amnd-winter-2010,amnd-winter-2010-junior-8,Junior 8,8,8,6,Junior,archive:amnd-winter-2010:junior-8
amnd-winter-2010,amnd-winter-2010-primary-1,Primary 1,10,1,6,Junior,archive:amnd-winter-2010:primary-1
amnd-winter-2010,amnd-winter-2010-primary-2,Primary 2,10,2,6,Junior,archive:amnd-winter-2010:primary-2
amnd-winter-2010,amnd-winter-2010-primary-3,Primary 3,10,3,6,Junior,archive:amnd-winter-2010:primary-3
amnd-winter-2010,amnd-winter-2010-primary-4,Primary 4,10,4,6,Junior,archive:amnd-winter-2010:primary-4
amnd-winter-2010,amnd-winter-2010-primary-5,Primary 5,10,5,6,Junior,archive:amnd-winter-2010:primary-5
amnd-winter-2010,amnd-winter-2010-primary-6,Primary 6,10,6,8,Junior,archive:amnd-winter-2010:primary-6
amnd-winter-2010,amnd-winter-2010-primary-7,Primary 7,10,7,8,Junior,archive:amnd-winter-2010:primary-7
amnd-winter-2010,amnd-winter-2010-sub-junior-1,Sub-Junior 1,9,1,6,Junior,archive:amnd-winter-2010:sub-junior-1
amnd-winter-2010,amnd-winter-2010-sub-junior-2,Sub-Junior 2,9,2,6,Junior,archive:amnd-winter-2010:sub-junior-2
amnd-winter-2010,amnd-winter-2010-sub-junior-3,Sub-Junior 3,9,3,8,Junior,archive:amnd-winter-2010:sub-junior-3
amnd-winter-2010,amnd-winter-2010-sub-junior-4,Sub-Junior 4,9,4,8,Junior,archive:amnd-winter-2010:sub-junior-4
amnd-winter-2010,amnd-winter-2010-sub-junior-5,Sub-Junior 5,9,5,7,Junior,archive:amnd-winter-2010:sub-junior-5
amnd-winter-2010,amnd-winter-2010-sub-junior-6,Sub-Junior 6,9,6,8,Junior,archive:amnd-winter-2010:sub-junior-6
amnd-winter-2010,amnd-winter-2010-sub-junior-7,Sub-Junior 7,9,7,6,Junior,archive:amnd-winter-2010:sub-junior-7
amnd-winter-2010,amnd-winter-2010-sub-junior-8,Sub-Junior 8,9,8,6,Junior,archive:amnd-winter-2010:sub-junior-8
amnd-winter-2010,amnd-winter-2010-sub-junior-9,Sub-Junior 9,9,9,6,Junior,archive:amnd-winter-2010:sub-junior-9
amnd-winter-2011,amnd-winter-2011-a-grade,A. Grade,4,,10,Senior,archive:amnd-winter-2011:a-grade
amnd-winter-2011,amnd-winter-2011-amnd-league,AMND League,3,,11,Senior,archive:amnd-winter-2011:amnd-league
amnd-winter-2011,amnd-winter-2011-b-1,B. 1,5,1,10,Senior,archive:amnd-winter-2011:b-1
amnd-winter-2011,amnd-winter-2011-b-2,B. 2,5,2,10,Senior,archive:amnd-winter-2011:b-2
amnd-winter-2011,amnd-winter-2011-b-3,B. 3,5,3,10,Senior,archive:amnd-winter-2011:b-3
amnd-winter-2011,amnd-winter-2011-b-4,B. 4,5,4,10,Senior,archive:amnd-winter-2011:b-4
amnd-winter-2011,amnd-winter-2011-b-5,B. 5,5,5,10,Senior,archive:amnd-winter-2011:b-5
amnd-winter-2011,amnd-winter-2011-c-1,C. 1,7,1,10,Senior,archive:amnd-winter-2011:c-1
amnd-winter-2011,amnd-winter-2011-c-2,C. 2,7,2,10,Senior,archive:amnd-winter-2011:c-2
amnd-winter-2011,amnd-winter-2011-c-3,C. 3,7,3,8,Senior,archive:amnd-winter-2011:c-3
amnd-winter-2011,amnd-winter-2011-c-4,C. 4,7,4,9,Senior,archive:amnd-winter-2011:c-4
amnd-winter-2011,amnd-winter-2011-c-5,C. 5,7,5,8,Senior,archive:amnd-winter-2011:c-5
amnd-winter-2011,amnd-winter-2011-c-6,C. 6,7,6,6,Senior,archive:amnd-winter-2011:c-6
amnd-winter-2011,amnd-winter-2011-inter-1,Inter. 1,6,1,9,Intermediate,archive:amnd-winter-2011:inter-1
amnd-winter-2011,amnd-winter-2011-inter-2,Inter. 2,6,2,10,Intermediate,archive:amnd-winter-2011:inter-2
amnd-winter-2011,amnd-winter-2011-inter-3,Inter. 3,6,3,10,Intermediate,archive:amnd-winter-2011:inter-3
amnd-winter-2011,amnd-winter-2011-inter-4,Inter. 4,6,4,6,Intermediate,archive:amnd-winter-2011:inter-4
amnd-winter-2011,amnd-winter-2011-inter-5,Inter. 5,6,5,7,Intermediate,archive:amnd-winter-2011:inter-5
amnd-winter-2011,amnd-winter-2011-inter-6,Inter. 6,6,6,6,Intermediate,archive:amnd-winter-2011:inter-6
amnd-winter-2011,amnd-winter-2011-junior-1,Junior 1,8,1,8,Junior,archive:amnd-winter-2011:junior-1
amnd-winter-2011,amnd-winter-2011-junior-2,Junior 2,8,2,8,Junior,archive:amnd-winter-2011:junior-2
amnd-winter-2011,amnd-winter-2011-junior-3,Junior 3,8,3,6,Junior,archive:amnd-winter-2011:junior-3
amnd-winter-2011,amnd-winter-2011-junior-4,Junior 4,8,4,8,Junior,archive:amnd-winter-2011:junior-4
amnd-winter-2011,amnd-winter-2011-junior-5,Junior 5,8,5,8,Junior,archive:amnd-winter-2011:junior-5
amnd-winter-2011,amnd-winter-2011-junior-6,Junior 6,8,6,8,Junior,archive:amnd-winter-2011:junior-6
amnd-winter-2011,amnd-winter-2011-junior-7,Junior 7,8,7,8,Junior,archive:amnd-winter-2011:junior-7
amnd-winter-2011,amnd-winter-2011-junior-8,Junior 8,8,8,7,Junior,archive:amnd-winter-2011:junior-8
amnd-winter-2011,amnd-winter-2011-primary-1,Primary 1,10,1,6,Junior,archive:amnd-winter-2011:primary-1
amnd-winter-2011,amnd-winter-2011-primary-2,Primary 2,10,2,6,Junior,archive:amnd-winter-2011:primary-2
amnd-winter-2011,amnd-winter-2011-primary-3,Primary 3,10,3,7,Junior,archive:amnd-winter-2011:primary-3
amnd-winter-2011,amnd-winter-2011-primary-4,Primary 4,10,4,8,Junior,archive:amnd-winter-2011:primary-4
amnd-winter-2011,amnd-winter-2011-primary-5,Primary 5,10,5,6,Junior,archive:amnd-winter-2011:primary-5
amnd-winter-2011,amnd-winter-2011-primary-6,Primary 6,10,6,6,Junior,archive:amnd-winter-2011:primary-6
amnd-winter-2011,amnd-winter-2011-primary-7,Primary 7,10,7,5,Junior,archive:amnd-winter-2011:primary-7
amnd-winter-2011,amnd-winter-2011-sub-junior-1,Sub-Junior 1,9,1,8,Junior,archive:amnd-winter-2011:sub-junior-1
amnd-winter-2011,amnd-winter-2011-sub-junior-2,Sub-Junior 2,9,2,8,Junior,archive:amnd-winter-2011:sub-junior-2
amnd-winter-2011,amnd-winter-2011-sub-junior-3,Sub-Junior 3,9,3,8,Junior,archive:amnd-winter-2011:sub-junior-3
amnd-winter-2011,amnd-winter-2011-sub-junior-4,Sub-Junior 4,9,4,6,Junior,archive:amnd-winter-2011:sub-junior-4
amnd-winter-2011,amnd-winter-2011-sub-junior-5,Sub-Junior 5,9,5,8,Junior,archive:amnd-winter-2011:sub-junior-5
amnd-winter-2011,amnd-winter-2011-sub-junior-6,Sub-Junior 6,9,6,8,Junior,archive:amnd-winter-2011:sub-junior-6
amnd-winter-2011,amnd-winter-2011-sub-junior-7,Sub-Junior 7,9,7,8,Junior,archive:amnd-winter-2011:sub-junior-7
amnd-winter-2011,amnd-winter-2011-sub-junior-8,Sub-Junior 8,9,8,8,Junior,archive:amnd-winter-2011:sub-junior-8
amnd-winter-2012,amnd-winter-2012-a-grade,A. Grade,4,,10,Senior,archive:amnd-winter-2012:a-grade
amnd-winter-2012,amnd-winter-2012-amnd-league,AMND League,3,,11,Senior,archive:amnd-winter-2012:amnd-league
amnd-winter-2012,amnd-winter-2012-b-1,B. 1,5,1,10,Senior,archive:amnd-winter-2012:b-1
amnd-winter-2012,amnd-winter-2012-b-2,B. 2,5,2,10,Senior,archive:amnd-winter-2012:b-2
amnd-winter-2012,amnd-winter-2012-b-3,B. 3,5,3,10,Senior,archive:amnd-winter-2012:b-3
amnd-winter-2012,amnd-winter-2012-b-4,B. 4,5,4,10,Senior,archive:amnd-winter-2012:b-4
amnd-winter-2012,amnd-winter-2012-b-5,B. 5,5,5,8,Senior,archive:amnd-winter-2012:b-5
amnd-winter-2012,amnd-winter-2012-c-1,C. 1,7,1,10,Senior,archive:amnd-winter-2012:c-1
amnd-winter-2012,amnd-winter-2012-c-2,C. 2,7,2,10,Senior,archive:amnd-winter-2012:c-2
amnd-winter-2012,amnd-winter-2012-c-3,C. 3,7,3,8,Senior,archive:amnd-winter-2012:c-3
amnd-winter-2012,amnd-winter-2012-c-4,C. 4,7,4,7,Senior,archive:amnd-winter-2012:c-4
amnd-winter-2012,amnd-winter-2012-c-5,C. 5,7,5,6,Senior,archive:amnd-winter-2012:c-5
amnd-winter-2012,amnd-winter-2012-c-6,C. 6,7,6,6,Senior,archive:amnd-winter-2012:c-6
amnd-winter-2012,amnd-winter-2012-inter-1,Inter. 1,6,1,10,Intermediate,archive:amnd-winter-2012:inter-1
amnd-winter-2012,amnd-winter-2012-inter-2,Inter. 2,6,2,10,Intermediate,archive:amnd-winter-2012:inter-2
amnd-winter-2012,amnd-winter-2012-inter-3,Inter. 3,6,3,9,Intermediate,archive:amnd-winter-2012:inter-3
amnd-winter-2012,amnd-winter-2012-inter-4,Inter. 4,6,4,8,Intermediate,archive:amnd-winter-2012:inter-4
amnd-winter-2012,amnd-winter-2012-inter-5,Inter. 5,6,5,8,Intermediate,archive:amnd-winter-2012:inter-5
amnd-winter-2012,amnd-winter-2012-junior-1,Junior 1,8,1,8,Junior,archive:amnd-winter-2012:junior-1
amnd-winter-2012,amnd-winter-2012-junior-2,Junior 2,8,2,8,Junior,archive:amnd-winter-2012:junior-2
amnd-winter-2012,amnd-winter-2012-junior-3,Junior 3,8,3,8,Junior,archive:amnd-winter-2012:junior-3
amnd-winter-2012,amnd-winter-2012-junior-4,Junior 4,8,4,6,Junior,archive:amnd-winter-2012:junior-4
amnd-winter-2012,amnd-winter-2012-junior-5,Junior 5,8,5,8,Junior,archive:amnd-winter-2012:junior-5
amnd-winter-2012,amnd-winter-2012-junior-6,Junior 6,8,6,8,Junior,archive:amnd-winter-2012:junior-6
amnd-winter-2012,amnd-winter-2012-junior-7,Junior 7,8,7,7,Junior,archive:amnd-winter-2012:junior-7
amnd-winter-2012,amnd-winter-2012-junior-8,Junior 8,8,8,6,Junior,archive:amnd-winter-2012:junior-8
amnd-winter-2012,amnd-winter-2012-junior-9,Junior 9,8,9,6,Junior,archive:amnd-winter-2012:junior-9
amnd-winter-2012,amnd-winter-2012-primary-1,Primary 1,10,1,8,Junior,archive:amnd-winter-2012:primary-1
amnd-winter-2012,amnd-winter-2012-primary-2,Primary 2,10,2,6,Junior,archive:amnd-winter-2012:primary-2
amnd-winter-2012,amnd-winter-2012-primary-3,Primary 3,10,3,7,Junior,archive:amnd-winter-2012:primary-3
amnd-winter-2012,amnd-winter-2012-primary-4,Primary 4,10,4,6,Junior,archive:amnd-winter-2012:primary-4
amnd-winter-2012,amnd-winter-2012-primary-5,Primary 5,10,5,7,Junior,archive:amnd-winter-2012:primary-5
amnd-winter-2012,amnd-winter-2012-primary-6,Primary 6,10,6,6,Junior,archive:amnd-winter-2012:primary-6
amnd-winter-2012,amnd-winter-2012-primary-7,Primary 7,10,7,5,Junior,archive:amnd-winter-2012:primary-7
amnd-winter-2012,amnd-winter-2012-sub-junior-1,Sub-Junior 1,9,1,8,Junior,archive:amnd-winter-2012:sub-junior-1
amnd-winter-2012,amnd-winter-2012-sub-junior-2,Sub-Junior 2,9,2,6,Junior,archive:amnd-winter-2012:sub-junior-2
amnd-winter-2012,amnd-winter-2012-sub-junior-3,Sub-Junior 3,9,3,8,Junior,archive:amnd-winter-2012:sub-junior-3
amnd-winter-2012,amnd-winter-2012-sub-junior-4,Sub-Junior 4,9,4,8,Junior,archive:amnd-winter-2012:sub-junior-4
amnd-winter-2012,amnd-winter-2012-sub-junior-5,Sub-Junior 5,9,5,8,Junior,archive:amnd-winter-2012:sub-junior-5
amnd-winter-2012,amnd-winter-2012-sub-junior-6,Sub-Junior 6,9,6,8,Junior,archive:amnd-winter-2012:sub-junior-6
amnd-winter-2012,amnd-winter-2012-sub-junior-7,Sub-Junior 7,9,7,6,Junior,archive:amnd-winter-2012:sub-junior-7
amnd-winter-2012,amnd-winter-2012-sub-junior-8,Sub-Junior 8,9,8,8,Junior,archive:amnd-winter-2012:sub-junior-8
amnd-winter-2013,amnd-winter-2013-a-grade,A. Grade,4,,10,Senior,archive:amnd-winter-2013:a-grade
amnd-winter-2013,amnd-winter-2013-amnd-league,AMND League,3,,12,Senior,archive:amnd-winter-2013:amnd-league
amnd-winter-2013,amnd-winter-2013-b-1,B. 1,5,1,10,Senior,archive:amnd-winter-2013:b-1
amnd-winter-2013,amnd-winter-2013-b-2,B. 2,5,2,10,Senior,archive:amnd-winter-2013:b-2
amnd-winter-2013,amnd-winter-2013-b-3,B. 3,5,3,8,Senior,archive:amnd-winter-2013:b-3
amnd-winter-2013,amnd-winter-2013-b-4,B. 4,5,4,10,Senior,archive:amnd-winter-2013:b-4
amnd-winter-2013,amnd-winter-2013-b-5,B. 5,5,5,10,Senior,archive:amnd-winter-2013:b-5
amnd-winter-2013,amnd-winter-2013-c-1,C. 1,7,1,8,Senior,archive:amnd-winter-2013:c-1
amnd-winter-2013,amnd-winter-2013-c-2,C. 2,7,2,10,Senior,archive:amnd-winter-2013:c-2
amnd-winter-2013,amnd-winter-2013-c-3,C. 3,7,3,10,Senior,archive:amnd-winter-2013:c-3
amnd-winter-2013,amnd-winter-2013-c-4,C. 4,7,4,9,Senior,archive:amnd-winter-2013:c-4
amnd-winter-2013,amnd-winter-2013-c-6,C. 6,7,6,6,Senior,archive:amnd-winter-2013:c-6
amnd-winter-2013,amnd-winter-2013-inter-1,Inter. 1,6,1,10,Intermediate,archive:amnd-winter-2013:inter-1
amnd-winter-2013,amnd-winter-2013-inter-2,Inter. 2,6,2,8,Intermediate,archive:amnd-winter-2013:inter-2
amnd-winter-2013,amnd-winter-2013-inter-3,Inter. 3,6,3,9,Intermediate,archive:amnd-winter-2013:inter-3
amnd-winter-2013,amnd-winter-2013-inter-4,Inter. 4,6,4,10,Intermediate,archive:amnd-winter-2013:inter-4
amnd-winter-2013,amnd-winter-2013-inter-5,Inter. 5,6,5,10,Intermediate,archive:amnd-winter-2013:inter-5
amnd-winter-2013,amnd-winter-2013-junior-1,Junior 1,8,1,8,Junior,archive:amnd-winter-2013:junior-1
amnd-winter-2013,amnd-winter-2013-junior-2,Junior 2,8,2,8,Junior,archive:amnd-winter-2013:junior-2
amnd-winter-2013,amnd-winter-2013-junior-3,Junior 3,8,3,8,Junior,archive:amnd-winter-2013:junior-3
amnd-winter-2013,amnd-winter-2013-junior-4,Junior 4,8,4,8,Junior,archive:amnd-winter-2013:junior-4
amnd-winter-2013,amnd-winter-2013-junior-5,Junior 5,8,5,8,Junior,archive:amnd-winter-2013:junior-5
amnd-winter-2013,amnd-winter-2013-junior-6,Junior 6,8,6,8,Junior,archive:amnd-winter-2013:junior-6
amnd-winter-2013,amnd-winter-2013-junior-7,Junior 7,8,7,8,Junior,archive:amnd-winter-2013:junior-7
amnd-winter-2013,amnd-winter-2013-junior-8,Junior 8,8,8,10,Junior,archive:amnd-winter-2013:junior-8
amnd-winter-2013,amnd-winter-2013-primary-1,Primary 1,10,1,8,Junior,archive:amnd-winter-2013:primary-1
amnd-winter-2013,amnd-winter-2013-primary-2,Primary 2,10,2,7,Junior,archive:amnd-winter-2013:primary-2
amnd-winter-2013,amnd-winter-2013-primary-3,Primary 3,10,3,6,Junior,archive:amnd-winter-2013:primary-3
amnd-winter-2013,amnd-winter-2013-primary-4,Primary 4,10,4,8,Junior,archive:amnd-winter-2013:primary-4
amnd-winter-2013,amnd-winter-2013-primary-5,Primary 5,10,5,8,Junior,archive:amnd-winter-2013:primary-5
amnd-winter-2013,amnd-winter-2013-primary-6,Primary 6,10,6,7,Junior,archive:amnd-winter-2013:primary-6
amnd-winter-2013,amnd-winter-2013-primary-7,Primary 7,10,7,8,Junior,archive:amnd-winter-2013:primary-7
amnd-winter-2013,amnd-winter-2013-sub-junior-1,Sub-Junior 1,9,1,8,Junior,archive:amnd-winter-2013:sub-junior-1
amnd-winter-2013,amnd-winter-2013-sub-junior-2,Sub-Junior 2,9,2,7,Junior,archive:amnd-winter-2013:sub-junior-2
amnd-winter-2013,amnd-winter-2013-sub-junior-3,Sub-Junior 3,9,3,9,Junior,archive:amnd-winter-2013:sub-junior-3
amnd-winter-2013,amnd-winter-2013-sub-junior-4,Sub-Junior 4,9,4,8,Junior,archive:amnd-winter-2013:sub-junior-4
amnd-winter-2013,amnd-winter-2013-sub-junior-5,Sub-Junior 5,9,5,8,Junior,archive:amnd-winter-2013:sub-junior-5
amnd-winter-2013,amnd-winter-2013-sub-junior-6,Sub-Junior 6,9,6,9,Junior,archive:amnd-winter-2013:sub-junior-6
amnd-winter-2013,amnd-winter-2013-sub-junior-7,Sub-Junior 7,9,7,10,Junior,archive:amnd-winter-2013:sub-junior-7
amnd-winter-2014,amnd-winter-2014-a-grade,A. Grade,4,,10,Senior,archive:amnd-winter-2014:a-grade
amnd-winter-2014,amnd-winter-2014-amnd-league,AMND League,3,,12,Senior,archive:amnd-winter-2014:amnd-league
amnd-winter-2014,amnd-winter-2014-b-1,B. 1,5,1,10,Senior,archive:amnd-winter-2014:b-1
amnd-winter-2014,amnd-winter-2014-b-2,B. 2,5,2,10,Senior,archive:amnd-winter-2014:b-2
amnd-winter-2014,amnd-winter-2014-b-3,B. 3,5,3,10,Senior,archive:amnd-winter-2014:b-3
amnd-winter-2014,amnd-winter-2014-b-4,B. 4,5,4,10,Senior,archive:amnd-winter-2014:b-4
amnd-winter-2014,amnd-winter-2014-b-5,B. 5,5,5,10,Senior,archive:amnd-winter-2014:b-5
amnd-winter-2014,amnd-winter-2014-c-1,C. 1,7,1,7,Senior,archive:amnd-winter-2014:c-1
amnd-winter-2014,amnd-winter-2014-c-2,C. 2,7,2,7,Senior,archive:amnd-winter-2014:c-2
amnd-winter-2014,amnd-winter-2014-c-3,C. 3,7,3,10,Senior,archive:amnd-winter-2014:c-3
amnd-winter-2014,amnd-winter-2014-c-4,C. 4,7,4,7,Senior,archive:amnd-winter-2014:c-4
amnd-winter-2014,amnd-winter-2014-c-6,C. 6,7,6,5,Senior,archive:amnd-winter-2014:c-6
amnd-winter-2014,amnd-winter-2014-inter-1,Inter. 1,6,1,10,Intermediate,archive:amnd-winter-2014:inter-1
amnd-winter-2014,amnd-winter-2014-inter-2,Inter. 2,6,2,10,Intermediate,archive:amnd-winter-2014:inter-2
amnd-winter-2014,amnd-winter-2014-inter-3,Inter. 3,6,3,10,Intermediate,archive:amnd-winter-2014:inter-3
amnd-winter-2014,amnd-winter-2014-inter-4,Inter. 4,6,4,9,Intermediate,archive:amnd-winter-2014:inter-4
amnd-winter-2014,amnd-winter-2014-inter-5,Inter. 5,6,5,8,Intermediate,archive:amnd-winter-2014:inter-5
amnd-winter-2014,amnd-winter-2014-junior-1,Junior 1,8,1,8,Junior,archive:amnd-winter-2014:junior-1
amnd-winter-2014,amnd-winter-2014-junior-2,Junior 2,8,2,7,Junior,archive:amnd-winter-2014:junior-2
amnd-winter-2014,amnd-winter-2014-junior-3,Junior 3,8,3,10,Junior,archive:amnd-winter-2014:junior-3
amnd-winter-2014,amnd-winter-2014-junior-4,Junior 4,8,4,8,Junior,archive:amnd-winter-2014:junior-4
amnd-winter-2014,amnd-winter-2014-junior-5,Junior 5,8,5,8,Junior,archive:amnd-winter-2014:junior-5
amnd-winter-2014,amnd-winter-2014-junior-6,Junior 6,8,6,8,Junior,archive:amnd-winter-2014:junior-6
amnd-winter-2014,amnd-winter-2014-junior-7,Junior 7,8,7,8,Junior,archive:amnd-winter-2014:junior-7
amnd-winter-2014,amnd-winter-2014-junior-8,Junior 8,8,8,6,Junior,archive:amnd-winter-2014:junior-8
amnd-winter-2014,amnd-winter-2014-primary-1,Primary 1,10,1,7,Junior,archive:amnd-winter-2014:primary-1
amnd-winter-2014,amnd-winter-2014-primary-2,Primary 2,10,2,9,Junior,archive:amnd-winter-2014:primary-2
amnd-winter-2014,amnd-winter-2014-primary-3,Primary 3,10,3,8,Junior,archive:amnd-winter-2014:primary-3
amnd-winter-2014,amnd-winter-2014-primary-4,Primary 4,10,4,8,Junior,archive:amnd-winter-2014:primary-4
amnd-winter-2014,amnd-winter-2014-primary-5,Primary 5,10,5,7,Junior,archive:amnd-winter-2014:primary-5
amnd-winter-2014,amnd-winter-2014-primary-6,Primary 6,10,6,7,Junior,archive:amnd-winter-2014:primary-6
amnd-winter-2014,amnd-winter-2014-primary-7,Primary 7,10,7,6,Junior,archive:amnd-winter-2014:primary-7
amnd-winter-2014,amnd-winter-2014-sub-junior-1,Sub-Junior 1,9,1,8,Junior,archive:amnd-winter-2014:sub-junior-1
amnd-winter-2014,amnd-winter-2014-sub-junior-2,Sub-Junior 2,9,2,8,Junior,archive:amnd-winter-2014:sub-junior-2
amnd-winter-2014,amnd-winter-2014-sub-junior-3,Sub-Junior 3,9,3,7,Junior,archive:amnd-winter-2014:sub-junior-3
amnd-winter-2014,amnd-winter-2014-sub-junior-4,Sub-Junior 4,9,4,8,Junior,archive:amnd-winter-2014:sub-junior-4
amnd-winter-2014,amnd-winter-2014-sub-junior-5,Sub-Junior 5,9,5,8,Junior,archive:amnd-winter-2014:sub-junior-5
amnd-winter-2014,amnd-winter-2014-sub-junior-6,Sub-Junior 6,9,6,10,Junior,archive:amnd-winter-2014:sub-junior-6
amnd-winter-2014,amnd-winter-2014-sub-junior-7,Sub-Junior 7,9,7,6,Junior,archive:amnd-winter-2014:sub-junior-7
amnd-winter-2014,amnd-winter-2014-sub-junior-8,Sub-Junior 8,9,8,8,Junior,archive:amnd-winter-2014:sub-junior-8
amnd-winter-2016,amnd-winter-2016-a-grade,A. Grade,4,,10,Senior,archive:amnd-winter-2016:a-grade
amnd-winter-2016,amnd-winter-2016-amnd-league,AMND League,3,,10,Senior,archive:amnd-winter-2016:amnd-league
amnd-winter-2016,amnd-winter-2016-b-1,B. 1,5,1,10,Senior,archive:amnd-winter-2016:b-1
amnd-winter-2016,amnd-winter-2016-b-2,B. 2,5,2,10,Senior,archive:amnd-winter-2016:b-2
amnd-winter-2016,amnd-winter-2016-b-3,B. 3,5,3,10,Senior,archive:amnd-winter-2016:b-3
amnd-winter-2016,amnd-winter-2016-b-4,B. 4,5,4,10,Senior,archive:amnd-winter-2016:b-4
amnd-winter-2016,amnd-winter-2016-b-5,B. 5,5,5,10,Senior,archive:amnd-winter-2016:b-5
amnd-winter-2016,amnd-winter-2016-b-6,B. 6,5,6,10,Senior,archive:amnd-winter-2016:b-6
amnd-winter-2016,amnd-winter-2016-c-1,C. 1,7,1,10,Senior,archive:amnd-winter-2016:c-1
amnd-winter-2016,amnd-winter-2016-c-2,C. 2,7,2,10,Senior,archive:amnd-winter-2016:c-2
amnd-winter-2016,amnd-winter-2016-c-3,C. 3,7,3,8,Senior,archive:amnd-winter-2016:c-3
amnd-winter-2016,amnd-winter-2016-c-4,C. 4,7,4,8,Senior,archive:amnd-winter-2016:c-4
amnd-winter-2016,amnd-winter-2016-c-6,C. 6,7,6,6,Senior,archive:amnd-winter-2016:c-6
amnd-winter-2016,amnd-winter-2016-inter-1,Inter. 1,6,1,8,Intermediate,archive:amnd-winter-2016:inter-1
amnd-winter-2016,amnd-winter-2016-inter-2,Inter. 2,6,2,8,Intermediate,archive:amnd-winter-2016:inter-2
amnd-winter-2016,amnd-winter-2016-inter-3,Inter. 3,6,3,8,Intermediate,archive:amnd-winter-2016:inter-3
amnd-winter-2016,amnd-winter-2016-inter-4,Inter. 4,6,4,8,Intermediate,archive:amnd-winter-2016:inter-4
amnd-winter-2016,amnd-winter-2016-inter-5,Inter. 5,6,5,9,Intermediate,archive:amnd-winter-2016:inter-5
amnd-winter-2016,amnd-winter-2016-junior-1,Junior 1,8,1,7,Junior,archive:amnd-winter-2016:junior-1
amnd-winter-2016,amnd-winter-2016-junior-2,Junior 2,8,2,8,Junior,archive:amnd-winter-2016:junior-2
amnd-winter-2016,amnd-winter-2016-junior-3,Junior 3,8,3,8,Junior,archive:amnd-winter-2016:junior-3
amnd-winter-2016,amnd-winter-2016-junior-4,Junior 4,8,4,8,Junior,archive:amnd-winter-2016:junior-4
amnd-winter-2016,amnd-winter-2016-junior-5,Junior 5,8,5,8,Junior,archive:amnd-winter-2016:junior-5
amnd-winter-2016,amnd-winter-2016-junior-6,Junior 6,8,6,8,Junior,archive:amnd-winter-2016:junior-6
amnd-winter-2016,amnd-winter-2016-junior-7,Junior 7,8,7,8,Junior,archive:amnd-winter-2016:junior-7
amnd-winter-2016,amnd-winter-2016-junior-8,Junior 8,8,8,6,Junior,archive:amnd-winter-2016:junior-8
amnd-winter-2016,amnd-winter-2016-primary-1,Primary 1,10,1,6,Junior,archive:amnd-winter-2016:primary-1
amnd-winter-2016,amnd-winter-2016-primary-2,Primary 2,10,2,8,Junior,archive:amnd-winter-2016:primary-2
amnd-winter-2016,amnd-winter-2016-primary-3,Primary 3,10,3,8,Junior,archive:amnd-winter-2016:primary-3
amnd-winter-2016,amnd-winter-2016-primary-4,Primary 4,10,4,8,Junior,archive:amnd-winter-2016:primary-4
amnd-winter-2016,amnd-winter-2016-primary-5,Primary 5,10,5,8,Junior,archive:amnd-winter-2016:primary-5
amnd-winter-2016,amnd-winter-2016-primary-6,Primary 6,10,6,8,Junior,archive:amnd-winter-2016:primary-6
amnd-winter-2016,amnd-winter-2016-sub-junior-1,Sub-Junior 1,9,1,6,Junior,archive:amnd-winter-2016:sub-junior-1
amnd-winter-2016,amnd-winter-2016-sub-junior-2,Sub-Junior 2,9,2,8,Junior,archive:amnd-winter-2016:sub-junior-2
amnd-winter-2016,amnd-winter-2016-sub-junior-3,Sub-Junior 3,9,3,8,Junior,archive:amnd-winter-2016:sub-junior-3
amnd-winter-2016,amnd-winter-2016-sub-junior-4,Sub-Junior 4,9,4,8,Junior,archive:amnd-winter-2016:sub-junior-4
amnd-winter-2016,amnd-winter-2016-sub-junior-5,Sub-Junior 5,9,5,8,Junior,archive:amnd-winter-2016:sub-junior-5
amnd-winter-2016,amnd-winter-2016-sub-junior-6,Sub-Junior 6,9,6,8,Junior,archive:amnd-winter-2016:sub-junior-6
amnd-winter-2016,amnd-winter-2016-sub-junior-7,Sub-Junior 7,9,7,8,Junior,archive:amnd-winter-2016:sub-junior-7
amnd-winter-2016,amnd-winter-2016-sub-junior-8,Sub-Junior 8,9,8,8,Junior,archive:amnd-winter-2016:sub-junior-8
