grade_key,playhq_id,round,round_name,played_at,home_playhq_id,away_playhq_id,home_score,away_score,status,forfeiting_side,source,scraped_at
premier_league-annual-2026-premier-division,3dbe3b48,1,Round 1,1775813400,de3e7a2c,e7e6387c,43,48,final,,playhq,1786500804964
premier_league-annual-2026-premier-division,793b2568,1,Round 1,1776418200,145018b5,1b1eca94,42,61,final,,playhq,1786500804964
premier_league-annual-2026-premier-division,7a88b135,1,Round 1,1775813400,9965376c,3ac22eae,49,57,final,,playhq,1786500804964
premier_league-annual-2026-premier-division,7e57a8d9,1,Round 1,1776418200,91ec8080,b9936ea5,54,57,final,,playhq,1786500804964
premier_league-annual-2026-premier-division,11187141,2,Round 2,1776850200,145018b5,3ac22eae,39,47,final,,playhq,1786500804964
premier_league-annual-2026-premier-division,17bd5ae3,2,Round 2,1777023000,b9936ea5,de3e7a2c,53,49,final,,playhq,1786500804964
premier_league-annual-2026-premier-division,57c8700e,2,Round 2,1776850200,1b1eca94,91ec8080,64,53,final,,playhq,1786500804964
premier_league-annual-2026-premier-division,cd8c4290,2,Round 2,1777023000,e7e6387c,9965376c,55,45,final,,playhq,1786500804964
premier_league-annual-2026-premier-division,0b8aa931,3,Round 3,1777455000,1b1eca94,9965376c,60,63,final,,playhq,1786500804964
premier_league-annual-2026-premier-division,2ec56100,3,Round 3,1777455000,b9936ea5,145018b5,65,50,final,,playhq,1786500804964
premier_league-annual-2026-premier-division,bc4f92e1,3,Round 3,1777627800,3ac22eae,e7e6387c,51,64,final,,playhq,1786500804964
premier_league-annual-2026-premier-division,f5b86e36,3,Round 3,1777627800,91ec8080,de3e7a2c,43,55,final,,playhq,1786500804964
premier_league-annual-2026-premier-division,6304913d,4,Round 4,1780479000,91ec8080,e7e6387c,52,53,final,,playhq,1786500804964
premier_league-annual-2026-premier-division,71c6cb88,4,Round 4,1778059800,145018b5,9965376c,43,71,final,,playhq,1786500804964
premier_league-annual-2026-premier-division,bef44a7f,4,Round 4,1778059800,b9936ea5,3ac22eae,63,68,final,,playhq,1786500804964
premier_league-annual-2026-premier-division,d2af0983,4,Round 4,1780479000,de3e7a2c,1b1eca94,60,50,final,,playhq,1786500804964
premier_league-annual-2026-premier-division,232e7265,5,Round 5,1779442200,3ac22eae,91ec8080,65,51,final,,playhq,1786500804964
premier_league-annual-2026-premier-division,500da862,5,Round 5,1779269400,de3e7a2c,145018b5,42,45,final,,playhq,1786500804964
premier_league-annual-2026-premier-division,7426ccc4,5,Round 5,1779442200,1b1eca94,e7e6387c,54,53,final,,playhq,1786500804964
premier_league-annual-2026-premier-division,b18bc81e,5,Round 5,1779269400,9965376c,b9936ea5,68,58,final,,playhq,1786500804964
premier_league-annual-2026-premier-division,2742dca4,6,Round 6,1779874200,e7e6387c,145018b5,54,35,final,,playhq,1786500804964
premier_league-annual-2026-premier-division,5c4da3a4,6,Round 6,1780047000,b9936ea5,1b1eca94,54,66,final,,playhq,1786500804964
premier_league-annual-2026-premier-division,6ff2ddd1,6,Round 6,1780047000,3ac22eae,de3e7a2c,51,49,final,,playhq,1786500804964
premier_league-annual-2026-premier-division,a11f513f,6,Round 6,1779874200,9965376c,91ec8080,69,50,final,,playhq,1786500804964
premier_league-annual-2026-premier-division,62c709bd,7,Round 7,1781083800,1b1eca94,3ac22eae,49,66,final,,playhq,1786500804964
premier_league-annual-2026-premier-division,6e06055b,7,Round 7,1781083800,e7e6387c,b9936ea5,56,50,final,,playhq,1786500804964
premier_league-annual-2026-premier-division,e5c346bd,7,Round 7,1781256600,91ec8080,145018b5,51,39,final,,playhq,1786500804964
premier_league-annual-2026-premier-division,e90d56d1,7,Round 7,1781256600,9965376c,de3e7a2c,54,55,final,,playhq,1786500804964
premier_league-annual-2026-premier-division,288987cf,8,Round 8,1782466200,1b1eca94,145018b5,53,48,final,,playhq,1786500804964
premier_league-annual-2026-premier-division,5ad1b29e,8,Round 8,1782466200,b9936ea5,91ec8080,49,60,final,,playhq,1786500804964
premier_league-annual-2026-premier-division,734b836d,8,Round 8,1782293400,3ac22eae,9965376c,50,70,final,,playhq,1786500804964
premier_league-annual-2026-premier-division,e0517954,8,Round 8,1782293400,e7e6387c,de3e7a2c,62,49,final,,playhq,1786500804964
premier_league-annual-2026-premier-division,09032baf,9,Round 9,1782898200,e7e6387c,91ec8080,54,53,final,,playhq,1786500804964
premier_league-annual-2026-premier-division,1b8a2858,9,Round 9,1782898200,1b1eca94,de3e7a2c,49,54,final,,playhq,1786500804964
premier_league-annual-2026-premier-division,d2e5d3fd,9,Round 9,1783071000,9965376c,145018b5,71,38,final,,playhq,1786500804964
premier_league-annual-2026-premier-division,eb139c0f,9,Round 9,1783071000,3ac22eae,b9936ea5,70,58,final,,playhq,1786500804964
premier_league-annual-2026-premier-division,1a7c9942,10,Round 10,1783503000,145018b5,b9936ea5,46,60,final,,playhq,1786500804964
premier_league-annual-2026-premier-division,5e10b718,10,Round 10,1783503000,de3e7a2c,91ec8080,59,47,final,,playhq,1786500804964
premier_league-annual-2026-premier-division,9c6a91dd,10,Round 10,1783675800,e7e6387c,3ac22eae,64,53,final,,playhq,1786500804964
premier_league-annual-2026-premier-division,dec7e682,10,Round 10,1783675800,9965376c,1b1eca94,62,43,final,,playhq,1786500804964
premier_league-annual-2026-premier-division,1a173740,11,Round 11,1784107800,b9936ea5,9965376c,44,59,final,,playhq,1786500804964
premier_league-annual-2026-premier-division,40e1b8f5,11,Round 11,1784280600,91ec8080,3ac22eae,54,63,final,,playhq,1786500804964
premier_league-annual-2026-premier-division,5cf2c66b,11,Round 11,1784280600,e7e6387c,1b1eca94,52,53,final,,playhq,1786500804964
premier_league-annual-2026-premier-division,8372f024,11,Round 11,1784107800,145018b5,de3e7a2c,50,45,final,,playhq,1786500804964
premier_league-annual-2026-premier-division,0caa25c4,12,Round 12,1784885400,de3e7a2c,b9936ea5,70,52,final,,playhq,1786500804964
premier_league-annual-2026-premier-division,1019e2b8,12,Round 12,1784885400,3ac22eae,145018b5,72,35,final,,playhq,1786500804964
premier_league-annual-2026-premier-division,851e68b7,12,Round 12,1784712600,91ec8080,1b1eca94,57,53,final,,playhq,1786500804964
premier_league-annual-2026-premier-division,d8249eb2,12,Round 12,1784712600,9965376c,e7e6387c,62,59,final,,playhq,1786500804964
premier_league-annual-2026-premier-division,13f59339,13,Round 13,1785490200,1b1eca94,b9936ea5,52,53,final,,playhq,1786500804964
premier_league-annual-2026-premier-division,485bac14,13,Round 13,1785317400,91ec8080,9965376c,51,60,final,,playhq,1786500804964
premier_league-annual-2026-premier-division,5f719ea9,13,Round 13,1785490200,de3e7a2c,3ac22eae,43,56,final,,playhq,1786500804964
premier_league-annual-2026-premier-division,8bd0a8f4,13,Round 13,1785317400,145018b5,e7e6387c,30,69,final,,playhq,1786500804964
premier_league-annual-2026-premier-division,2d6a807a,14,Round 14,1786095000,de3e7a2c,9965376c,41,50,final,,playhq,1786500804964
premier_league-annual-2026-premier-division,7b63315c,14,Round 14,1785922200,b9936ea5,e7e6387c,58,60,final,,playhq,1786500804964
premier_league-annual-2026-premier-division,93725d05,14,Round 14,1785922200,3ac22eae,1b1eca94,62,63,final,,playhq,1786500804964
premier_league-annual-2026-premier-division,963aa5ee,14,Round 14,1786095000,145018b5,91ec8080,43,57,final,,playhq,1786500804964
premier_league-annual-2026-premier-division,0191b7ea,15,Semi Final 1,1786705800,9965376c,e7e6387c,,,scheduled,,playhq,1786500804964
premier_league-annual-2026-premier-division,ddf92761,15,Semi Final 2,1786705800,3ac22eae,1b1eca94,,,scheduled,,playhq,1786500804964
premier_league-annual-2026-premier-division,00d311ec,16,Preliminary Final,1787137800,,,,,scheduled,,playhq,1786500804964
premier_league-annual-2026-premier-division,4f7562ff,17,Grand Final,1787915400,,,,,scheduled,,playhq,1786500804964
